<?xml version="1.0"?>
<opencv_storage>
<cascade>
  <stageType>BOOST</stageType>
  <featureType>LBP</featureType>
  <height>13</height>
  <width>40</width>
  <stageParams>
    <boostType>GAB</boostType>
    <minHitRate>9.9500000476837158e-001</minHitRate>
    <maxFalseAlarm>4.4999998807907104e-001</maxFalseAlarm>
    <weightTrimRate>9.4999999999999996e-001</weightTrimRate>
    <maxDepth>1</maxDepth>
    <maxWeakCount>100</maxWeakCount></stageParams>
  <featureParams>
    <maxCatCount>256</maxCatCount>
    <featSize>1</featSize></featureParams>
  <stageNum>18</stageNum>
  <stages>
    <!-- stage 0 -->
    <_>
      <maxWeakCount>5</maxWeakCount>
      <stageThreshold>-2.2059321403503418e+000</stageThreshold>
      <weakClassifiers>
        <_>
          <internalNodes>
            0 -1 85 1561351388 -33728004 -537332225 -2158083 -1665606402
            -4261126 -1197948929 -1079371380</internalNodes>
          <leafValues>
            -8.2558047771453857e-001 6.4892250299453735e-001</leafValues></_>
        <_>
          <internalNodes>
            0 -1 28 352326908 -4710940 -1124549123 -1076226996
            -1095180802 -500483 -1145372673 -1146483474</internalNodes>
          <leafValues>
            -7.1161091327667236e-001 5.5507826805114746e-001</leafValues></_>
        <_>
          <internalNodes>
            0 -1 98 -167907442 -235088961 -1355896056 -135296089
            -174864474 1880437965 -150302833 -138416145</internalNodes>
          <leafValues>
            -5.3800177574157715e-001 6.7141634225845337e-001</leafValues></_>
        <_>
          <internalNodes>
            0 -1 104 268439888 -36363 -8929293 -33606147 -1229389829
            -99457 -1078018305 -1078459992</internalNodes>
          <leafValues>
            -6.3097971677780151e-001 5.5359894037246704e-001</leafValues></_>
        <_>
          <internalNodes>
            0 -1 5 -422582750 720301799 -219155866 -1494224282
            1173844807 1157620175 1977996615 1206117703</internalNodes>
          <leafValues>
            -7.0917737483978271e-001 4.5936250686645508e-001</leafValues></_></weakClassifiers></_>
    <!-- stage 1 -->
    <_>
      <maxWeakCount>6</maxWeakCount>
      <stageThreshold>-1.4644955396652222e+000</stageThreshold>
      <weakClassifiers>
        <_>
          <internalNodes>
            0 -1 62 1433460221 -34244611 -2228225 -163843 -196609
            -475137 -196609 -1078326017</internalNodes>
          <leafValues>
            -7.1215671300888062e-001 6.8203002214431763e-001</leafValues></_>
        <_>
          <internalNodes>
            0 -1 96 286266869 -174593 -1 -188417 -1092813057 -131073
            -1145372673 -1078448707</internalNodes>
          <leafValues>
            -5.9869700670242310e-001 6.2674057483673096e-001</leafValues></_>
        <_>
          <internalNodes>
            0 -1 16 -285217042 -420492305 -286331358 -285282326
            2147448679 1190622199 -2239 -134217729</internalNodes>
          <leafValues>
            -5.8786678314208984e-001 5.7215690612792969e-001</leafValues></_>
        <_>
          <internalNodes>
            0 -1 115 2108710352 -426529 -2490881 -2155075 -1078436612
            -268566531 -1611072513 -1078457928</internalNodes>
          <leafValues>
            -5.9803569316864014e-001 5.3530043363571167e-001</leafValues></_>
        <_>
          <internalNodes>
            0 -1 135 -529537534 -1062210289 -488375578 -490738757
            -85202330 -616569597 -228076761 1076356515</internalNodes>
          <leafValues>
            -6.1870849132537842e-001 4.6477171778678894e-001</leafValues></_>
        <_>
          <internalNodes>
            0 -1 34 201326796 -6270248 608447869 936445547 -802109188
            -53425956 -90644481 -553123441</internalNodes>
          <leafValues>
            -5.5705696344375610e-001 5.1763296127319336e-001</leafValues></_></weakClassifiers></_>
    <!-- stage 2 -->
    <_>
      <maxWeakCount>6</maxWeakCount>
      <stageThreshold>-1.5516430139541626e+000</stageThreshold>
      <weakClassifiers>
        <_>
          <internalNodes>
            0 -1 100 -1048593 -100663297 -810569841 -536870929 -524289
            -239077889 -2097201 -1</internalNodes>
          <leafValues>
            -6.5842545032501221e-001 7.5478929281234741e-001</leafValues></_>
        <_>
          <internalNodes>
            0 -1 27 -571417092 -237571 -459265 -1076347716 -1108803585
            -206339 -1141317633 -1078326086</internalNodes>
          <leafValues>
            -5.9410470724105835e-001 5.8537662029266357e-001</leafValues></_>
        <_>
          <internalNodes>
            0 -1 181 -246 -391127314 -30410240 -1023410257 -37748973
            16252399 -256 -134217729</internalNodes>
          <leafValues>
            -5.4639428853988647e-001 6.0828882455825806e-001</leafValues></_>
        <_>
          <internalNodes>
            0 -1 125 268440784 -164364 -3 -4227331 -1079328773 -71434242
            -1095303169 -1147660232</internalNodes>
          <leafValues>
            -6.3400131464004517e-001 4.2709890007972717e-001</leafValues></_>
        <_>
          <internalNodes>
            0 -1 10 -420483546 -487658770 -291508702 -865145654
            1392473157 854979431 2146957172 -219154457</internalNodes>
          <leafValues>
            -5.6688904762268066e-001 5.2953493595123291e-001</leafValues></_>
        <_>
          <internalNodes>
            0 -1 81 766019832 -12821008 1069201919 2142910973
            -1346699525 -1075175559 -1074610193 715787336</internalNodes>
          <leafValues>
            -6.8458378314971924e-001 3.8707160949707031e-001</leafValues></_></weakClassifiers></_>
    <!-- stage 3 -->
    <_>
      <maxWeakCount>6</maxWeakCount>
      <stageThreshold>-1.4123144149780273e+000</stageThreshold>
      <weakClassifiers>
        <_>
          <internalNodes>
            0 -1 113 -1048661 -754990401 1258621185 -806368625 -3934301
            1883762871 -83373301 -1</internalNodes>
          <leafValues>
            -7.1403747797012329e-001 6.2246745824813843e-001</leafValues></_>
        <_>
          <internalNodes>
            0 -1 174 -487595262 -1026893077 -838025174 -491786354
            -478153978 34361967 -362025470 -1029963797</internalNodes>
          <leafValues>
            -6.1794960498809814e-001 5.5281740427017212e-001</leafValues></_>
        <_>
          <internalNodes>
            0 -1 128 1498471932 1574248413 -143363 -33539 -1921458756
            -1078190083 -21053512 -1079296256</internalNodes>
          <leafValues>
            -5.1443111896514893e-001 5.5010509490966797e-001</leafValues></_>
        <_>
          <internalNodes>
            0 -1 91 -276828658 -493885850 -957701632 -252974354
            -135314430 24343879 -214968830 -205522945</internalNodes>
          <leafValues>
            -4.8749122023582458e-001 5.7354146242141724e-001</leafValues></_>
        <_>
          <internalNodes>
            0 -1 83 268439704 -38334246 2010460639 -541115685
            -1165837585 -1080047400 747680443 436797608</internalNodes>
          <leafValues>
            -5.9777128696441650e-001 4.3888664245605469e-001</leafValues></_>
        <_>
          <internalNodes>
            0 -1 149 -1033387518 -516972413 1083175434 -152317497
            -525932885 1852809762 -502881233 1073997323</internalNodes>
          <leafValues>
            -5.4353684186935425e-001 4.8270839452743530e-001</leafValues></_></weakClassifiers></_>
    <!-- stage 4 -->
    <_>
      <maxWeakCount>8</maxWeakCount>
      <stageThreshold>-2.0970504283905029e+000</stageThreshold>
      <weakClassifiers>
        <_>
          <internalNodes>
            0 -1 100 -1 -71304193 -15741041 -1048577 -5 -235145217
            -545259617 -1</internalNodes>
          <leafValues>
            -6.0631048679351807e-001 7.2640037536621094e-001</leafValues></_>
        <_>
          <internalNodes>
            0 -1 182 -5243222 -2036154710 -810419072 -1347485790
            -4457040 128253886 -4048 -1048581</internalNodes>
          <leafValues>
            -5.1800543069839478e-001 5.6827902793884277e-001</leafValues></_>
        <_>
          <internalNodes>
            0 -1 68 452989072 -541254319 487330585 1065164701
            -1747411206 -1074525700 456661951 530128184</internalNodes>
          <leafValues>
            -6.0343402624130249e-001 4.6828967332839966e-001</leafValues></_>
        <_>
          <internalNodes>
            0 -1 42 -521935358 15192806 -283519958 -1695547698
            -1034950969 -2135047505 -999820989 -1023948985</internalNodes>
          <leafValues>
            -5.7293874025344849e-001 4.5507067441940308e-001</leafValues></_>
        <_>
          <internalNodes>
            0 -1 57 1102885560 1572117968 420423995 1608190903 451865339
            -1672431883 302713771 524222473</internalNodes>
          <leafValues>
            -4.8377829790115356e-001 5.2814304828643799e-001</leafValues></_>
        <_>
          <internalNodes>
            0 -1 89 -520101374 -143932414 -416306389 -210508026
            -428345878 1802363906 -671090769 -1034427901</internalNodes>
          <leafValues>
            -4.4041708111763000e-001 5.5660778284072876e-001</leafValues></_>
        <_>
          <internalNodes>
            0 -1 122 -1653287463 -131075 1442594813 -35709443
            -1078416135 -1080050451 -558301185 -1078326987</internalNodes>
          <leafValues>
            -4.2181575298309326e-001 5.8730918169021606e-001</leafValues></_>
        <_>
          <internalNodes>
            0 -1 167 -291314688 -460397696 -292673024 -488053018
            -674766528 1180517 -214699518 -205525009</internalNodes>
          <leafValues>
            -5.3458100557327271e-001 4.6336498856544495e-001</leafValues></_></weakClassifiers></_>
    <!-- stage 5 -->
    <_>
      <maxWeakCount>8</maxWeakCount>
      <stageThreshold>-1.4894635677337646e+000</stageThreshold>
      <weakClassifiers>
        <_>
          <internalNodes>
            0 -1 59 -784271363 -2171683 -6848513 -6353009 -215942146
            -1528084 -1416982593 -1358297078</internalNodes>
          <leafValues>
            -6.4323192834854126e-001 5.5662912130355835e-001</leafValues></_>
        <_>
          <internalNodes>
            0 -1 152 -6 -1146568712 -1619482440 -1088931592 -4653060
            822088156 1073004476 -4194305</internalNodes>
          <leafValues>
            -5.0202572345733643e-001 5.4142653942108154e-001</leafValues></_>
        <_>
          <internalNodes>
            0 -1 147 75497968 -194691 -133121 -53539 -1078280449 -1
            -275058689 -1346690897</internalNodes>
          <leafValues>
            -5.0791001319885254e-001 5.0952428579330444e-001</leafValues></_>
        <_>
          <internalNodes>
            0 -1 17 -332150 -17498377 -824539510 -83956002 1399937796
            1090839597 -145663988 -201326593</internalNodes>
          <leafValues>
            -5.0033283233642578e-001 4.8059618473052979e-001</leafValues></_>
        <_>
          <internalNodes>
            0 -1 55 488639640 -576902168 492572159 -1111670851
            -547865091 -4710404 800604063 -1358414403</internalNodes>
          <leafValues>
            -6.0949635505676270e-001 3.9852270483970642e-001</leafValues></_>
        <_>
          <internalNodes>
            0 -1 158 -940838878 -1028469592 -1668767744 11453452
            1694553360 3183363 1259635074 2009071375</internalNodes>
          <leafValues>
            -6.0897284746170044e-001 3.6162802577018738e-001</leafValues></_>
        <_>
          <internalNodes>
            0 -1 47 -352656442 82488494 -1460764502 552378594 -134774956
            562055942 -67232844 1996487615</internalNodes>
          <leafValues>
            -6.1084610223770142e-001 3.3747026324272156e-001</leafValues></_>
        <_>
          <internalNodes>
            0 -1 51 491075519 -2245665 -2017182753 -10641593 -1177752129
            -2818356 -456003909 -108156352</internalNodes>
          <leafValues>
            -4.0351900458335876e-001 5.1473224163055420e-001</leafValues></_></weakClassifiers></_>
    <!-- stage 6 -->
    <_>
      <maxWeakCount>8</maxWeakCount>
      <stageThreshold>-1.6725406646728516e+000</stageThreshold>
      <weakClassifiers>
        <_>
          <internalNodes>
            0 -1 134 -521673209 -201328641 -124000257 -136314913
            -17045505 -85204509 -201327617 -489951505</internalNodes>
          <leafValues>
            -6.3230335712432861e-001 5.1736354827880859e-001</leafValues></_>
        <_>
          <internalNodes>
            0 -1 170 -84 1057292204 -4508256 1059717030 -68 705458860
            -1540 1069547519</internalNodes>
          <leafValues>
            -6.6297966241836548e-001 3.4861809015274048e-001</leafValues></_>
        <_>
          <internalNodes>
            0 -1 75 -717422595 2113723645 -570621953 -172675 -67305473
            -71499847 -1073775617 -1079374599</internalNodes>
          <leafValues>
            -4.8819395899772644e-001 4.7195026278495789e-001</leafValues></_>
        <_>
          <internalNodes>
            0 -1 3 -957356510 -420548949 -288634206 -286331360
            1191142919 1104666401 1392506179 -455084281</internalNodes>
          <leafValues>
            -5.5349969863891602e-001 4.1086035966873169e-001</leafValues></_>
        <_>
          <internalNodes>
            0 -1 93 -22018 -1556484 1073486008 1004060668 368846300
            417881853 535564524 -17</internalNodes>
          <leafValues>
            -4.1352465748786926e-001 4.8219370841979980e-001</leafValues></_>
        <_>
          <internalNodes>
            0 -1 151 -151001342 -1067194846 -492092926 -741347377
            -222366013 7763807 -201984331 -201326593</internalNodes>
          <leafValues>
            -4.0152969956398010e-001 4.5363888144493103e-001</leafValues></_>
        <_>
          <internalNodes>
            0 -1 133 355734748 -13353988 -1074249735 2147048829
            -1111998984 -16946185 -1078452225 178261260</internalNodes>
          <leafValues>
            -7.2032541036605835e-001 3.1326821446418762e-001</leafValues></_>
        <_>
          <internalNodes>
            0 -1 43 -16777794 283163134 -950237954 284752862 1744662493
            1049717736 -2151720 2113927167</internalNodes>
          <leafValues>
            -5.4231750965118408e-001 3.3973744511604309e-001</leafValues></_></weakClassifiers></_>
    <!-- stage 7 -->
    <_>
      <maxWeakCount>8</maxWeakCount>
      <stageThreshold>-1.4416458606719971e+000</stageThreshold>
      <weakClassifiers>
        <_>
          <internalNodes>
            0 -1 118 -981997773 -524297 -4194305 -786433 -524289 -524289
            -524293 -76286189</internalNodes>
          <leafValues>
            -6.3837432861328125e-001 5.8197933435440063e-001</leafValues></_>
        <_>
          <internalNodes>
            0 -1 131 -16385 1073545215 1073495548 -1073824018 2080190461
            519863805 1065163772 -1</internalNodes>
          <leafValues>
            -4.4101983308792114e-001 5.5826210975646973e-001</leafValues></_>
        <_>
          <internalNodes>
            0 -1 26 -823242754 -1143016453 -1098973441 1073233584
            1333022207 -67585 -66049 -18710570</internalNodes>
          <leafValues>
            -5.0551694631576538e-001 4.5312264561653137e-001</leafValues></_>
        <_>
          <internalNodes>
            0 -1 180 -268439801 15400943 -276902400 -1058021397
            -209715449 1107295229 -252 -134217729</internalNodes>
          <leafValues>
            -5.2299499511718750e-001 3.7318477034568787e-001</leafValues></_>
        <_>
          <internalNodes>
            0 -1 39 1075052699 -9064767 -1391091777 -44230102 -925040641
            -537067555 -572661761 -582637398</internalNodes>
          <leafValues>
            -3.9277845621109009e-001 5.2537852525711060e-001</leafValues></_>
        <_>
          <internalNodes>
            0 -1 20 -69634 -1728520194 -16847106 -1159005954 32525212
            1240751612 -4302855 -18808833</internalNodes>
          <leafValues>
            -4.7312712669372559e-001 3.9182522892951965e-001</leafValues></_>
        <_>
          <internalNodes>
            0 -1 160 -2113602 801914812 -1074517380 1073626616
            1073491964 228358101 1039413756 2147483580</internalNodes>
          <leafValues>
            -5.5665540695190430e-001 3.2366693019866943e-001</leafValues></_>
        <_>
          <internalNodes>
            0 -1 50 10617856 -139267 -593923 -524289 -335649298 -5123
            -1141453845 -1947238400</internalNodes>
          <leafValues>
            -5.1571136713027954e-001 3.4354647994041443e-001</leafValues></_></weakClassifiers></_>
    <!-- stage 8 -->
    <_>
      <maxWeakCount>10</maxWeakCount>
      <stageThreshold>-1.6534610986709595e+000</stageThreshold>
      <weakClassifiers>
        <_>
          <internalNodes>
            0 -1 100 -81 -67108865 -275796209 -67108865 -144705537
            -234883073 -33 -1</internalNodes>
          <leafValues>
            -6.6397964954376221e-001 5.7575756311416626e-001</leafValues></_>
        <_>
          <internalNodes>
            0 -1 37 1165237758 1072434454 -1073938433 -1078059682
            1568210943 -4424707 -65537 -1431654482</internalNodes>
          <leafValues>
            -6.4136123657226563e-001 3.1682160496711731e-001</leafValues></_>
        <_>
          <internalNodes>
            0 -1 12 -353374609 -823203866 -328274206 -286331350
            1987540855 1448572277 2004318199 -150997129</internalNodes>
          <leafValues>
            -5.5081850290298462e-001 4.0213811397552490e-001</leafValues></_>
        <_>
          <internalNodes>
            0 -1 97 -1070612473 -35652161 -139067459 -173158225
            -194515793 -125831781 -302003026 -1060651001</internalNodes>
          <leafValues>
            -3.9085510373115540e-001 4.6990257501602173e-001</leafValues></_>
        <_>
          <internalNodes>
            0 -1 173 83492869 1610039295 2143289279 -6324227 -2129
            -67637267 -17842433 -1430382533</internalNodes>
          <leafValues>
            -4.4559049606323242e-001 4.3264123797416687e-001</leafValues></_>
        <_>
          <internalNodes>
            0 -1 183 -100667477 615514111 -805310720 -860889169
            -671088889 33554159 -3840 -137363457</internalNodes>
          <leafValues>
            -4.5740145444869995e-001 3.7074878811836243e-001</leafValues></_>
        <_>
          <internalNodes>
            0 -1 108 212 -8429699 -1073741825 -57345 -4444673 -74241
            -1141572097 958401980</internalNodes>
          <leafValues>
            -7.0837682485580444e-001 2.6604530215263367e-001</leafValues></_>
        <_>
          <internalNodes>
            0 -1 73 -16386 -1073951300 939278076 1073233916 1742485960
            536640876 2139893756 -65538</internalNodes>
          <leafValues>
            -4.2629688978195190e-001 3.6537826061248779e-001</leafValues></_>
        <_>
          <internalNodes>
            0 -1 56 1499282399 -2867241 730413917 1609867231 -574032897
            -11214916 -544419891 -591338622</internalNodes>
          <leafValues>
            -3.2917565107345581e-001 4.6441465616226196e-001</leafValues></_>
        <_>
          <internalNodes>
            0 -1 42 -1058543837 552599279 -301990023 -1736446177
            -941637643 -1191182689 -1546275036 -260577417</internalNodes>
          <leafValues>
            -4.1120386123657227e-001 3.7657707929611206e-001</leafValues></_></weakClassifiers></_>
    <!-- stage 9 -->
    <_>
      <maxWeakCount>11</maxWeakCount>
      <stageThreshold>-2.0716788768768311e+000</stageThreshold>
      <weakClassifiers>
        <_>
          <internalNodes>
            0 -1 113 -2097153 -220204289 -821047537 -806891569 -67635205
            -788795137 -145754353 -1</internalNodes>
          <leafValues>
            -6.3591754436492920e-001 5.3186190128326416e-001</leafValues></_>
        <_>
          <internalNodes>
            0 -1 1 -1058610185 -1025 -176193537 -136843281 -141033473
            -2113 -136314881 -403712137</internalNodes>
          <leafValues>
            -3.6152586340904236e-001 5.8020901679992676e-001</leafValues></_>
        <_>
          <internalNodes>
            0 -1 140 1433666044 -537053703 1605910399 -165377 427317503
            -255047 -38469633 -1346888696</internalNodes>
          <leafValues>
            -5.8524936437606812e-001 3.0378106236457825e-001</leafValues></_>
        <_>
          <internalNodes>
            0 -1 139 -673206338 448573438 -738447364 -1075310648
            536363004 485244924 1073557244 2147483647</internalNodes>
          <leafValues>
            -5.1090979576110840e-001 3.2787251472473145e-001</leafValues></_>
        <_>
          <internalNodes>
            0 -1 86 1080287234 -172623034 -799017549 -178788505
            -1072959828 -925045114 -1041505873 -1057495410</internalNodes>
          <leafValues>
            -4.2160958051681519e-001 3.9181047677993774e-001</leafValues></_>
        <_>
          <internalNodes>
            0 -1 179 -335548634 15716327 -17039840 -2131046662
            1878523138 1089994737 -269486336 -520622353</internalNodes>
          <leafValues>
            -5.4490488767623901e-001 2.7775236964225769e-001</leafValues></_>
        <_>
          <internalNodes>
            0 -1 153 -1970797296 1509847677 -1524695425 -1075376705
            2145001471 -33793 -1682526723 -1440218325</internalNodes>
          <leafValues>
            -5.1685762405395508e-001 2.9982602596282959e-001</leafValues></_>
        <_>
          <internalNodes>
            0 -1 54 -69634 1035777535 -1208172546 872200958 1862115324
            435705840 -1411563524 -69633</internalNodes>
          <leafValues>
            -4.0428158640861511e-001 3.6875179409980774e-001</leafValues></_>
        <_>
          <internalNodes>
            0 -1 77 1964504751 1375207407 -305673425 2008022955
            -520118130 -202939393 -38821142 -269497686</internalNodes>
          <leafValues>
            -3.1806364655494690e-001 4.8525118827819824e-001</leafValues></_>
        <_>
          <internalNodes>
            0 -1 15 -419434642 -387027281 -352860122 -354489138
            1734866758 1711234877 -202116283 1995700223</internalNodes>
          <leafValues>
            -5.9747940301895142e-001 2.2811535000801086e-001</leafValues></_>
        <_>
          <internalNodes>
            0 -1 99 -696203326 -136259759 -722504462 -17313860
            -267061560 -798994392 -1032605768 857829674</internalNodes>
          <leafValues>
            -5.1942723989486694e-001 2.5452747941017151e-001</leafValues></_></weakClassifiers></_>
    <!-- stage 10 -->
    <_>
      <maxWeakCount>10</maxWeakCount>
      <stageThreshold>-1.7257841825485229e+000</stageThreshold>
      <weakClassifiers>
        <_>
          <internalNodes>
            0 -1 127 1576861181 -131073 -81923 -16387 1610407933 -214019
            -81921 -81921</internalNodes>
          <leafValues>
            -6.8091350793838501e-001 3.4414958953857422e-001</leafValues></_>
        <_>
          <internalNodes>
            0 -1 64 -537526791 -570564611 1039866815 -574636097
            1610534911 1565843453 535440319 536806318</internalNodes>
          <leafValues>
            -4.6496266126632690e-001 4.2407321929931641e-001</leafValues></_>
        <_>
          <internalNodes>
            0 -1 130 -2147482155 -188929 -536870913 -163843 -1074085889
            -1025 -65537 -1079497796</internalNodes>
          <leafValues>
            -4.8651787638664246e-001 3.6669605970382690e-001</leafValues></_>
        <_>
          <internalNodes>
            0 -1 49 -1087372136 -4448360 1035738679 2145328955
            -1076355073 -1078453249 -1091944449 -5759490</internalNodes>
          <leafValues>
            -5.0146460533142090e-001 3.2934013009071350e-001</leafValues></_>
        <_>
          <internalNodes>
            0 -1 18 -286527762 -1394020353 -269488146 -286327041
            2004309767 1635122167 -134217913 -134217729</internalNodes>
          <leafValues>
            -4.7354671359062195e-001 3.6931258440017700e-001</leafValues></_>
        <_>
          <internalNodes>
            0 -1 162 -1128 824228543 -537968872 530689787 -4194896
            842068661 -8389328 991427575</internalNodes>
          <leafValues>
            -5.7790082693099976e-001 2.3575535416603088e-001</leafValues></_>
        <_>
          <internalNodes>
            0 -1 124 1074110978 -482082897 2144982975 -8527873
            -135790597 -16783377 -195625729 1145431622</internalNodes>
          <leafValues>
            -5.9902256727218628e-001 2.6036697626113892e-001</leafValues></_>
        <_>
          <internalNodes>
            0 -1 123 -268413611 -50496515 -1 -32769 -1073825795 -1
            -65537 -1073795765</internalNodes>
          <leafValues>
            -3.4895190596580505e-001 4.1869163513183594e-001</leafValues></_>
        <_>
          <internalNodes>
            0 -1 70 1659888162 -1241514837 -286261365 -754980061
            -486817857 -1358968833 -134217777 1080288034</internalNodes>
          <leafValues>
            -4.3774437904357910e-001 3.2316094636917114e-001</leafValues></_>
        <_>
          <internalNodes>
            0 -1 178 -989864177 1086324703 -10504668 -788529409
            -704677054 1040186295 -34078976 -52428801</internalNodes>
          <leafValues>
            -4.0298467874526978e-001 3.5668191313743591e-001</leafValues></_></weakClassifiers></_>
    <!-- stage 11 -->
    <_>
      <maxWeakCount>12</maxWeakCount>
      <stageThreshold>-1.6008259057998657e+000</stageThreshold>
      <weakClassifiers>
        <_>
          <internalNodes>
            0 -1 78 1468006399 -1 2013265919 -1 -4114 -4178 -536871169
            -1054038</internalNodes>
          <leafValues>
            -5.6673562526702881e-001 6.0633486509323120e-001</leafValues></_>
        <_>
          <internalNodes>
            0 -1 36 -11247619 -1074495491 -537330179 -1074118659
            2143064062 -537355270 -16875521 -1074118657</internalNodes>
          <leafValues>
            -4.5532488822937012e-001 4.3594542145729065e-001</leafValues></_>
        <_>
          <internalNodes>
            0 -1 2 -353423377 -269490177 -268481537 -1063185 1986490359
            -117710985 -8912897 -2049</internalNodes>
          <leafValues>
            -3.0179327726364136e-001 5.4179322719573975e-001</leafValues></_>
        <_>
          <internalNodes>
            0 -1 132 286265528 494213629 1062738749 1072242141 532422076
            -33932626 1043864575 1001929116</internalNodes>
          <leafValues>
            -7.0045799016952515e-001 1.9997505843639374e-001</leafValues></_>
        <_>
          <internalNodes>
            0 -1 156 -1069357041 -205521425 -84426785 -103940129
            -294391877 -84938833 -134479905 -805117173</internalNodes>
          <leafValues>
            -3.1163915991783142e-001 4.4845655560493469e-001</leafValues></_>
        <_>
          <internalNodes>
            0 -1 148 -16386 1066188728 1056190392 -1079230532 -70434836
            991196381 1073492984 -1</internalNodes>
          <leafValues>
            -4.1121381521224976e-001 3.2420134544372559e-001</leafValues></_>
        <_>
          <internalNodes>
            0 -1 109 -185576360 -1645650840 1040186621 -46402291
            -119623492 -13075909 809291946 951540320</internalNodes>
          <leafValues>
            -4.5703861117362976e-001 2.9347121715545654e-001</leafValues></_>
        <_>
          <internalNodes>
            0 -1 142 -1071185406 -71307313 -289682565 1476376503
            -621024593 -3147573 1869868927 1917304835</internalNodes>
          <leafValues>
            -4.7164782881736755e-001 2.3968656361103058e-001</leafValues></_>
        <_>
          <internalNodes>
            0 -1 185 -4194383 -1356267524 -146834128 1035992484
            -1074266699 -1614807202 -541622860 -843055875</internalNodes>
          <leafValues>
            -3.1201976537704468e-001 3.9286631345748901e-001</leafValues></_>
        <_>
          <internalNodes>
            0 -1 33 1232438266 -550129666 26740739 156444166 1313627385
            -1674514016 -2131349585 226430638</internalNodes>
          <leafValues>
            -4.3718740344047546e-001 2.8047958016395569e-001</leafValues></_>
        <_>
          <internalNodes>
            0 -1 0 -269490841 200273647 -18361865 -136971038 -1048055331
            -268439603 -170027101 1693972212</internalNodes>
          <leafValues>
            -3.7469965219497681e-001 3.0717009305953979e-001</leafValues></_>
        <_>
          <internalNodes>
            0 -1 80 -5198150 -1088811012 -1951134572 2105126033
            -1090679704 -1661199105 533900527 498401023</internalNodes>
          <leafValues>
            -5.2905166149139404e-001 2.2012051939964294e-001</leafValues></_></weakClassifiers></_>
    <!-- stage 12 -->
    <_>
      <maxWeakCount>13</maxWeakCount>
      <stageThreshold>-1.9205129146575928e+000</stageThreshold>
      <weakClassifiers>
        <_>
          <internalNodes>
            0 -1 87 -50342883 -8865 -37748737 -8422081 -184746755
            -33554945 -50529025 -50332225</internalNodes>
          <leafValues>
            -6.0000002384185791e-001 4.5359525084495544e-001</leafValues></_>
        <_>
          <internalNodes>
            0 -1 24 -66305 -98313 -1095074053 1018706424 1610506236
            -98313 -200705 2134015999</internalNodes>
          <leafValues>
            -4.8690414428710938e-001 3.6150613427162170e-001</leafValues></_>
        <_>
          <internalNodes>
            0 -1 166 2102357 -131585 -8388617 -9 -285212673 -147553
            -1094726401 1035472878</internalNodes>
          <leafValues>
            -6.0755223035812378e-001 2.5850912928581238e-001</leafValues></_>
        <_>
          <internalNodes>
            0 -1 121 -229891 2147287039 1069072317 972818389 532422140
            -98307 -196612 -1346732035</internalNodes>
          <leafValues>
            -4.5246949791908264e-001 3.1187608838081360e-001</leafValues></_>
        <_>
          <internalNodes>
            0 -1 161 -764942525 -204734609 -1343239670 -184555609
            -20453395 323876582 -235407457 -487602450</internalNodes>
          <leafValues>
            -2.7629959583282471e-001 4.5853719115257263e-001</leafValues></_>
        <_>
          <internalNodes>
            0 -1 184 -85 -1884749844 -303039712 -1582694406 -1076101196
            440663751 -1082263792 -771752481</internalNodes>
          <leafValues>
            -3.7864053249359131e-001 3.0783155560493469e-001</leafValues></_>
        <_>
          <internalNodes>
            0 -1 74 288887673 489955233 503058653 1039990901 888943615
            -1355007300 1039939583 -1074218308</internalNodes>
          <leafValues>
            -4.2957478761672974e-001 2.9841592907905579e-001</leafValues></_>
        <_>
          <internalNodes>
            0 -1 89 -494934526 -135166975 -1480856977 1937236770
            -352330334 -269556698 -975445205 1097327363</internalNodes>
          <leafValues>
            -4.2543512582778931e-001 2.8419882059097290e-001</leafValues></_>
        <_>
          <internalNodes>
            0 -1 30 -459024521 -202375169 -8388673 -576192523 -51134721
            -8193 -1241522177 -320611277</internalNodes>
          <leafValues>
            -2.2042599320411682e-001 5.5913400650024414e-001</leafValues></_>
        <_>
          <internalNodes>
            0 -1 8 1564748511 -143288340 -270260497 132394664 -25102596
            -8585508 -848001031 -2758455</internalNodes>
          <leafValues>
            -3.4897232055664063e-001 3.3536911010742188e-001</leafValues></_>
        <_>
          <internalNodes>
            0 -1 35 -286792026 -320080020 -420811026 -319881490
            1895264055 1643605823 1979184887 2004317778</internalNodes>
          <leafValues>
            -6.6432660818099976e-001 1.5332631766796112e-001</leafValues></_>
        <_>
          <internalNodes>
            0 -1 60 -82948 1563704764 1031577596 1069299704 1526529020
            536612445 -1074483524 -65537</internalNodes>
          <leafValues>
            -4.1885235905647278e-001 2.5934544205665588e-001</leafValues></_>
        <_>
          <internalNodes>
            0 -1 138 -18105688 796541940 -22566112 268330254 241496248
            239632253 633812865 1608515575</internalNodes>
          <leafValues>
            -4.7989422082901001e-001 2.2369465231895447e-001</leafValues></_></weakClassifiers></_>
    <!-- stage 13 -->
    <_>
      <maxWeakCount>15</maxWeakCount>
      <stageThreshold>-1.7882676124572754e+000</stageThreshold>
      <weakClassifiers>
        <_>
          <internalNodes>
            0 -1 100 -1 -71306241 -542638193 -262145 -1025 -236202497
            -33 -1</internalNodes>
          <leafValues>
            -6.0684454441070557e-001 5.5322861671447754e-001</leafValues></_>
        <_>
          <internalNodes>
            0 -1 106 1426063357 472971221 -1073908993 -1648363811
            1761607675 -1967263745 678637451 721382031</internalNodes>
          <leafValues>
            -4.2795598506927490e-001 3.3990189433097839e-001</leafValues></_>
        <_>
          <internalNodes>
            0 -1 4 -269490398 751822572 -92350798 -17632270 1742174054
            1951851365 -143132682 -134744073</internalNodes>
          <leafValues>
            -4.8568534851074219e-001 2.7661311626434326e-001</leafValues></_>
        <_>
          <internalNodes>
            0 -1 102 -212996 500727292 -247811 -237571 -4653059
            -1073989127 -17285123 -1078301315</internalNodes>
          <leafValues>
            -4.8473656177520752e-001 2.6134452223777771e-001</leafValues></_>
        <_>
          <internalNodes>
            0 -1 164 -12714220 419755325 -1077937391 964685813 -75641539
            440397180 -1074007628 447740380</internalNodes>
          <leafValues>
            -4.8669299483299255e-001 2.6242053508758545e-001</leafValues></_>
        <_>
          <internalNodes>
            0 -1 117 268702033 -34819 -4202505 -172065 -4409345 -271877
            -541261829 -1113049192</internalNodes>
          <leafValues>
            -4.6116250753402710e-001 2.5778469443321228e-001</leafValues></_>
        <_>
          <internalNodes>
            0 -1 163 -278417666 -1107514564 250380852 1073624732
            -1208158211 1038105583 1072965852 2080374767</internalNodes>
          <leafValues>
            -4.3745991587638855e-001 2.5203874707221985e-001</leafValues></_>
        <_>
          <internalNodes>
            0 -1 177 -392220921 163576791 -16777720 14610431 1912602435
            1610087871 -924324608 -738197537</internalNodes>
          <leafValues>
            -3.8432821631431580e-001 2.6108586788177490e-001</leafValues></_>
        <_>
          <internalNodes>
            0 -1 90 -178945281 -11411234 -705380354 -170526737 -61561669
            -4926531 -585842742 -648686848</internalNodes>
          <leafValues>
            -2.6648128032684326e-001 4.1246628761291504e-001</leafValues></_>
        <_>
          <internalNodes>
            0 -1 150 -290528246 -1070924442 1789690912 15379490
            -730138728 90191717 393581869 1946154447</internalNodes>
          <leafValues>
            -4.9659931659698486e-001 1.8755485117435455e-001</leafValues></_>
        <_>
          <internalNodes>
            0 -1 46 -721407760 -36947929 -188608589 -552915154 654368202
            -8341660 1519160477 -550894961</internalNodes>
          <leafValues>
            -3.1798857450485229e-001 3.1803134083747864e-001</leafValues></_>
        <_>
          <internalNodes>
            0 -1 48 -1375801682 136056829 117214954 416853708 1305280509
            737705533 2123894492 -84082691</internalNodes>
          <leafValues>
            -4.7515583038330078e-001 2.2444275021553040e-001</leafValues></_>
        <_>
          <internalNodes>
            0 -1 19 -289411157 1154121446 2091885806 -563154966
            1199003503 -160344225 -143663113 -13117441</internalNodes>
          <leafValues>
            -3.4701234102249146e-001 2.9402580857276917e-001</leafValues></_>
        <_>
          <internalNodes>
            0 -1 101 -1619227716 469549055 -1614893896 1073078173
            1542477288 230592105 -1092732452 1031471039</internalNodes>
          <leafValues>
            -4.9646034836769104e-001 1.9390052556991577e-001</leafValues></_>
        <_>
          <internalNodes>
            0 -1 154 -1463940096 -624987401 -1402226881 966359499
            -1535214692 -83920456 -1427666776 707284251</internalNodes>
          <leafValues>
            -5.5271774530410767e-001 1.6742622852325439e-001</leafValues></_></weakClassifiers></_>
    <!-- stage 14 -->
    <_>
      <maxWeakCount>16</maxWeakCount>
      <stageThreshold>-1.9192950725555420e+000</stageThreshold>
      <weakClassifiers>
        <_>
          <internalNodes>
            0 -1 119 -792589 -786433 -524297 -1033 -2621441 -529241
            -262177 -268963849</internalNodes>
          <leafValues>
            -5.6610435247421265e-001 5.6078433990478516e-001</leafValues></_>
        <_>
          <internalNodes>
            0 -1 168 -789184853 -1 -524289 -1 -1061889 -68422785
            -251658513 -790626305</internalNodes>
          <leafValues>
            -3.3353686332702637e-001 4.9356549978256226e-001</leafValues></_>
        <_>
          <internalNodes>
            0 -1 82 -805218991 -1 -1 -524289 -1075871745 -22533 -45057
            -4494210</internalNodes>
          <leafValues>
            -2.8185382485389709e-001 4.2225864529609680e-001</leafValues></_>
        <_>
          <internalNodes>
            0 -1 45 -8855555 -1073840641 -1095041537 -1073824265
            -813760516 -540475393 -1078001665 -327969</internalNodes>
          <leafValues>
            -3.1645154953002930e-001 3.6003640294075012e-001</leafValues></_>
        <_>
          <internalNodes>
            0 -1 126 -578945034 535082942 771670012 1572704254 234364908
            436014586 1025859071 1610612735</internalNodes>
          <leafValues>
            -4.0988036990165710e-001 2.8143650293350220e-001</leafValues></_>
        <_>
          <internalNodes>
            0 -1 171 -4194552 77458647 -570435840 14024671 -8915200
            12517231 -1520 33029559</internalNodes>
          <leafValues>
            -6.8118953704833984e-001 1.7440743744373322e-001</leafValues></_>
        <_>
          <internalNodes>
            0 -1 32 -12969509 -1107570737 -1086657415 1069223462
            -706388516 -537948803 -4701955 -276873121</internalNodes>
          <leafValues>
            -2.8572362661361694e-001 3.6879491806030273e-001</leafValues></_>
        <_>
          <internalNodes>
            0 -1 84 -201333086 -168165510 -1140873578 -156846097
            -1598322706 -1365250713 -999062802 1080288427</internalNodes>
          <leafValues>
            -3.2669910788536072e-001 3.0241185426712036e-001</leafValues></_>
        <_>
          <internalNodes>
            0 -1 9 -441538553 -924143742 -421089818 -487657498
            1903514423 1681119607 -1276149891 -157024417</internalNodes>
          <leafValues>
            -3.9508256316184998e-001 2.4040374159812927e-001</leafValues></_>
        <_>
          <internalNodes>
            0 -1 69 502542965 -4714543 1274896381 2139045885 1006140349
            -1078706177 2146713599 681052468</internalNodes>
          <leafValues>
            -5.2714240550994873e-001 1.8013860285282135e-001</leafValues></_>
        <_>
          <internalNodes>
            0 -1 175 -8422137 1609563911 -8388747 -134742145 -67109106
            -540673 -469827877 -96577957</internalNodes>
          <leafValues>
            -2.5926300883293152e-001 3.7889996170997620e-001</leafValues></_>
        <_>
          <internalNodes>
            0 -1 67 -286265557 -1565655217 -419459294 -227848274
            930608951 6354783 921154795 -167775281</internalNodes>
          <leafValues>
            -3.0875918269157410e-001 3.2574757933616638e-001</leafValues></_>
        <_>
          <internalNodes>
            0 -1 137 -598454124 -170373806 -230787081 -34578983
            -1781285135 -338624514 -1313273857 -1157481285</internalNodes>
          <leafValues>
            -2.8985816240310669e-001 3.3638575673103333e-001</leafValues></_>
        <_>
          <internalNodes>
            0 -1 40 -796609814 2056988898 1625256063 1440313762
            -754984449 -718353734 -1812463633 1164947082</internalNodes>
          <leafValues>
            -3.4438478946685791e-001 2.7231806516647339e-001</leafValues></_>
        <_>
          <internalNodes>
            0 -1 178 81477379 29360031 2128555018 15727359 -906496255
            1426029946 -1213272252 -255328769</internalNodes>
          <leafValues>
            -4.3185618519783020e-001 2.2283333539962769e-001</leafValues></_>
        <_>
          <internalNodes>
            0 -1 58 1386280898 -711936371 1031617907 -577016881
            -2003247648 -1798244104 1233878955 1494895247</internalNodes>
          <leafValues>
            -3.6808815598487854e-001 2.6348024606704712e-001</leafValues></_></weakClassifiers></_>
    <!-- stage 15 -->
    <_>
      <maxWeakCount>17</maxWeakCount>
      <stageThreshold>-1.6384667158126831e+000</stageThreshold>
      <weakClassifiers>
        <_>
          <internalNodes>
            0 -1 112 -4206849 -62209 -32769 -536935169 -9175041 -1
            -13304897 -8705</internalNodes>
          <leafValues>
            -5.3728371858596802e-001 6.6736513376235962e-001</leafValues></_>
        <_>
          <internalNodes>
            0 -1 113 -5247077 -666897729 -904951035 -909129075
            2068575147 -253071113 -548940533 -17</internalNodes>
          <leafValues>
            -3.6703088879585266e-001 4.0338560938835144e-001</leafValues></_>
        <_>
          <internalNodes>
            0 -1 172 -576718152 420282172 -71304011 1069512381
            2030025720 -1080402051 -1094726468 800576692</internalNodes>
          <leafValues>
            -4.4541954994201660e-001 2.6759427785873413e-001</leafValues></_>
        <_>
          <internalNodes>
            0 -1 63 -4631043 -75522949 -1145398245 859561343 -303016743
            -1083486159 -54260520 994000962</internalNodes>
          <leafValues>
            -3.3632522821426392e-001 3.1928580999374390e-001</leafValues></_>
        <_>
          <internalNodes>
            0 -1 176 788491535 1073735511 -276824257 -671612929
            -352327922 2129657855 218103502 -67108865</internalNodes>
          <leafValues>
            -2.4006241559982300e-001 4.0503886342048645e-001</leafValues></_>
        <_>
          <internalNodes>
            0 -1 88 -1069309438 -145266942 -159645705 -803756285
            -997200197 -323557570 2113798139 1963456002</internalNodes>
          <leafValues>
            -4.3331962823867798e-001 2.1208211779594421e-001</leafValues></_>
        <_>
          <internalNodes>
            0 -1 71 1367342079 2012741319 -2110795937 2147479463
            -56638518 -1050641 -71303510 -3153238</internalNodes>
          <leafValues>
            -1.9893048703670502e-001 4.7693827748298645e-001</leafValues></_>
        <_>
          <internalNodes>
            0 -1 30 -1541155021 -339 -193 -526490 -319849731 -10493953
            -285212673 -525376925</internalNodes>
          <leafValues>
            -2.5493767857551575e-001 3.7484326958656311e-001</leafValues></_>
        <_>
          <internalNodes>
            0 -1 23 1155842302 27536607 1867763165 456795576 482647295
            229511083 2080296891 1336600999</internalNodes>
          <leafValues>
            -4.7114911675453186e-001 2.0197547972202301e-001</leafValues></_>
        <_>
          <internalNodes>
            0 -1 76 -259800958 -2626633 -39321665 -403197129 -403705969
            -37709 -1046294898 1094968962</internalNodes>
          <leafValues>
            -3.4149444103240967e-001 2.6795396208763123e-001</leafValues></_>
        <_>
          <internalNodes>
            0 -1 144 5392 2138953693 -67174401 -181252 -1107628037
            -3281989 -131073 685770528</internalNodes>
          <leafValues>
            -7.2787940502166748e-001 1.2180325388908386e-001</leafValues></_>
        <_>
          <internalNodes>
            0 -1 145 -1055998 1595749766 302257080 466399709 806822355
            173548258 2005670911 2068836863</internalNodes>
          <leafValues>
            -4.1571453213691711e-001 2.0857739448547363e-001</leafValues></_>
        <_>
          <internalNodes>
            0 -1 155 -1107944416 1435545188 -374463656 1475087018
            -299724488 513554036 504366813 1568275455</internalNodes>
          <leafValues>
            -4.8667240142822266e-001 1.6587641835212708e-001</leafValues></_>
        <_>
          <internalNodes>
            0 -1 44 -487593362 785337935 -398760218 -387739962 553121643
            930578263 -943466818 1408757591</internalNodes>
          <leafValues>
            -5.4894161224365234e-001 1.4391185343265533e-001</leafValues></_>
        <_>
          <internalNodes>
            0 -1 143 286261404 963718076 528222713 2101294077 1073232060
            -1145166668 1001142718 174078096</internalNodes>
          <leafValues>
            -6.0666769742965698e-001 1.3923630118370056e-001</leafValues></_>
        <_>
          <internalNodes>
            0 -1 65 -556269569 -734724163 -1611190725 -20513 -721568262
            -661613388 -1961160965 -537135233</internalNodes>
          <leafValues>
            -1.7968930304050446e-001 5.4242342710494995e-001</leafValues></_>
        <_>
          <internalNodes>
            0 -1 21 -16855954 -1527846930 -286606210 1823626872
            -611432356 -568438987 1072619359 338837363</internalNodes>
          <leafValues>
            -4.3688330054283142e-001 2.0569972693920135e-001</leafValues></_></weakClassifiers></_>
    <!-- stage 16 -->
    <_>
      <maxWeakCount>19</maxWeakCount>
      <stageThreshold>-1.6432296037673950e+000</stageThreshold>
      <weakClassifiers>
        <_>
          <internalNodes>
            0 -1 120 -37748801 -33554947 -1 -1 -4194373 -513 -1077936197
            -65</internalNodes>
          <leafValues>
            -5.1218336820602417e-001 7.4440699815750122e-001</leafValues></_>
        <_>
          <internalNodes>
            0 -1 146 -673843201 -459810 -136357889 -378968 -537133057
            -65538 -67127041 -5338454</internalNodes>
          <leafValues>
            -2.5160089135169983e-001 5.8271646499633789e-001</leafValues></_>
        <_>
          <internalNodes>
            0 -1 38 -134228169 871357879 -33557001 -67109057 -453327361
            -67109377 -704658185 -1309157897</internalNodes>
          <leafValues>
            -2.6915127038955688e-001 4.2556142807006836e-001</leafValues></_>
        <_>
          <internalNodes>
            0 -1 14 -286597510 -581378566 -293667400 -19464514
            1558534864 1601464761 2138930392 2096103359</internalNodes>
          <leafValues>
            -4.3442091345787048e-001 2.1993473172187805e-001</leafValues></_>
        <_>
          <internalNodes>
            0 -1 7 -299434962 -1090147833 -274530881 -165221818
            -836539099 -1170047964 -67764225 -92811401</internalNodes>
          <leafValues>
            -3.3180844783782959e-001 2.8903234004974365e-001</leafValues></_>
        <_>
          <internalNodes>
            0 -1 79 -5263833 -76432721 -2010435829 -1615741527
            -1107917633 -707674371 2146953119 -167968769</internalNodes>
          <leafValues>
            -2.3211990296840668e-001 3.8325443863868713e-001</leafValues></_>
        <_>
          <internalNodes>
            0 -1 141 -1073512445 -682625025 -805568513 -4194345
            -67110209 -77041 -1048577 -1023164405</internalNodes>
          <leafValues>
            -2.7058473229408264e-001 3.2406231760978699e-001</leafValues></_>
        <_>
          <internalNodes>
            0 -1 25 -537244166 535827454 -1468104961 999454430
            -805682182 1869780957 -604834849 708476767</internalNodes>
          <leafValues>
            -4.0218099951744080e-001 2.3334722220897675e-001</leafValues></_>
        <_>
          <internalNodes>
            0 -1 110 1649385986 1654913147 1112912626 -263271454
            2009153195 1297598227 -146823949 -1041800249</internalNodes>
          <leafValues>
            -4.1301506757736206e-001 2.0980355143547058e-001</leafValues></_>
        <_>
          <internalNodes>
            0 -1 13 1682195680 -235123986 69349375 531702373 -130229000
            -18068324 -546376291 -47623044</internalNodes>
          <leafValues>
            -4.0672650933265686e-001 2.2794869542121887e-001</leafValues></_>
        <_>
          <internalNodes>
            0 -1 165 1499446556 486863068 2139037685 2111827583
            -71702088 779075576 1991951440 1023368464</internalNodes>
          <leafValues>
            -4.7443622350692749e-001 1.6973347961902618e-001</leafValues></_>
        <_>
          <internalNodes>
            0 -1 159 -402677082 1336163752 -4257148 134161664 135307481
            745813992 91358435 1540358142</internalNodes>
          <leafValues>
            -4.1310870647430420e-001 2.0664623379707336e-001</leafValues></_>
        <_>
          <internalNodes>
            0 -1 94 -86050 -214276 -1265670 500973532 2113706716
            521945533 2104012782 -268500993</internalNodes>
          <leafValues>
            -3.6063745617866516e-001 2.1921299397945404e-001</leafValues></_>
        <_>
          <internalNodes>
            0 -1 129 16 -611331 -1083196417 -2277386 -40124449
            -1090523667 -136839169 508036272</internalNodes>
          <leafValues>
            -7.2185653448104858e-001 1.2485391646623611e-001</leafValues></_>
        <_>
          <internalNodes>
            0 -1 105 1476390570 1585364599 -1318064693 1709964651
            2100785568 -1142693855 -165456382 1097200448</internalNodes>
          <leafValues>
            -4.3710902333259583e-001 1.7141909897327423e-001</leafValues></_>
        <_>
          <internalNodes>
            0 -1 22 -822194506 -270390315 -1374548225 782411003
            238635709 -876920077 -405611781 2138732543</internalNodes>
          <leafValues>
            -4.0224075317382813e-001 2.0043475925922394e-001</leafValues></_>
        <_>
          <internalNodes>
            0 -1 53 -260902702 1365221384 2128088279 895297655
            -1486507602 -1384171985 829308671 535782095</internalNodes>
          <leafValues>
            -2.8388926386833191e-001 2.9086777567863464e-001</leafValues></_>
        <_>
          <internalNodes>
            0 -1 92 -319820273 1806647054 113167908 1403043690 660430667
            353394459 771163284 -210501657</internalNodes>
          <leafValues>
            -3.2886692881584167e-001 2.4895632266998291e-001</leafValues></_>
        <_>
          <internalNodes>
            0 -1 11 -268491166 12986974 -473666582 683997766 1963284337
            1950440428 -270107578 -139991169</internalNodes>
          <leafValues>
            -4.5765051245689392e-001 1.8740060925483704e-001</leafValues></_></weakClassifiers></_>
    <!-- stage 17 -->
    <_>
      <maxWeakCount>20</maxWeakCount>
      <stageThreshold>-1.7327002286911011e+000</stageThreshold>
      <weakClassifiers>
        <_>
          <internalNodes>
            0 -1 136 -838860801 -805306369 -3 -641 1291845631
            -1895825409 -570425345 -536870977</internalNodes>
          <leafValues>
            -5.2951431274414063e-001 6.3284516334533691e-001</leafValues></_>
        <_>
          <internalNodes>
            0 -1 107 -1052929 -107224385 -1911568115 -1884320593
            -1838093 -793521449 -10486305 -545268257</internalNodes>
          <leafValues>
            -3.2829684019088745e-001 4.5297625660896301e-001</leafValues></_>
        <_>
          <internalNodes>
            0 -1 157 2004351967 -679478273 458215935 -39850018 -1029
            -4203105 -1041 -7608182</internalNodes>
          <leafValues>
            -1.7520354688167572e-001 5.8037400245666504e-001</leafValues></_>
        <_>
          <internalNodes>
            0 -1 184 -12582998 195817151 -224 -1053819475 -536871937
            -1962939141 -18768 -440401941</internalNodes>
          <leafValues>
            -3.1779766082763672e-001 2.9805180430412292e-001</leafValues></_>
        <_>
          <internalNodes>
            0 -1 29 -139820838 -2210 -38618539 1037909964 -336385 -72710
            -537722889 2140048130</internalNodes>
          <leafValues>
            -3.8719791173934937e-001 2.4800541996955872e-001</leafValues></_>
        <_>
          <internalNodes>
            0 -1 2 -269521937 -536940706 -1593601 -12562 23553907
            -596123657 -8421377 -8394881</internalNodes>
          <leafValues>
            -1.8954561650753021e-001 4.3200388550758362e-001</leafValues></_>
        <_>
          <internalNodes>
            0 -1 52 1490859451 -69337170 -168227465 -615203889
            -110582300 -53695260 -976380608 -522354687</internalNodes>
          <leafValues>
            -3.0474671721458435e-001 2.6574173569679260e-001</leafValues></_>
        <_>
          <internalNodes>
            0 -1 72 -608418 2113708536 2037136492 426423294 2146274269
            521943861 1575855102 2138799359</internalNodes>
          <leafValues>
            -3.7270265817642212e-001 2.1172212064266205e-001</leafValues></_>
        <_>
          <internalNodes>
            0 -1 103 1024 -537953829 -547364865 1442839990 -272510977
            -75890731 -1145946146 134228448</internalNodes>
          <leafValues>
            -7.5749701261520386e-001 1.0885673761367798e-001</leafValues></_>
        <_>
          <internalNodes>
            0 -1 114 -298873841 -5053145 -1434563050 -236998942
            1275022543 -1619894402 -290242404 -76027905</internalNodes>
          <leafValues>
            -2.3406513035297394e-001 3.3599156141281128e-001</leafValues></_>
        <_>
          <internalNodes>
            0 -1 111 -298848766 -433659860 234884614 -1880898169
            -623459070 -1073594345 1464821259 -85985281</internalNodes>
          <leafValues>
            -3.5892826318740845e-001 2.2068901360034943e-001</leafValues></_>
        <_>
          <internalNodes>
            0 -1 6 -69206530 553316030 -672281354 -1147675428 857435771
            951569881 1568243679 -572662322</internalNodes>
          <leafValues>
            -2.9227516055107117e-001 2.8497108817100525e-001</leafValues></_>
        <_>
          <internalNodes>
            0 -1 116 498089404 1064859100 1588868782 1071429112
            1500536317 268180347 1068400639 1027243836</internalNodes>
          <leafValues>
            -6.3993138074874878e-001 1.2821437418460846e-001</leafValues></_>
        <_>
          <internalNodes>
            0 -1 41 -305176331 81264589 -1296113666 -1260126247
            -302166571 -361169107 -840794663 -286001193</internalNodes>
          <leafValues>
            -2.6271352171897888e-001 2.9894199967384338e-001</leafValues></_>
        <_>
          <internalNodes>
            0 -1 59 -236955406 -170467174 959659861 -1284701297
            -536694808 -1085085955 -1913770579 -282325751</internalNodes>
          <leafValues>
            -2.8713181614875793e-001 2.7808821201324463e-001</leafValues></_>
        <_>
          <internalNodes>
            0 -1 66 -1140855158 -42021130 -330167348 1073326866
            1610479176 2034503509 1409147804 1576401694</internalNodes>
          <leafValues>
            -3.5052102804183960e-001 2.1350817382335663e-001</leafValues></_>
        <_>
          <internalNodes>
            0 -1 169 -322970297 276756063 -1392509090 -764542977
            -58762396 -487671989 -889193886 -1191706633</internalNodes>
          <leafValues>
            -2.5308734178543091e-001 2.9686897993087769e-001</leafValues></_>
        <_>
          <internalNodes>
            0 -1 95 1208161280 -549732421 -43516937 1975510217
            1079562542 -1137710869 -141042441 1359184024</internalNodes>
          <leafValues>
            -4.7310391068458557e-001 1.5836887061595917e-001</leafValues></_>
        <_>
          <internalNodes>
            0 -1 31 -58537450 -1088287189 1663066073 1570552950
            -497558223 -814536319 -362484999 -2008585213</internalNodes>
          <leafValues>
            -3.1321647763252258e-001 2.3874203860759735e-001</leafValues></_>
        <_>
          <internalNodes>
            0 -1 61 -1376776328 1027569591 2142527485 -1073748483
            1064852988 -553918471 -1343570434 -1464172735</internalNodes>
          <leafValues>
            -3.6929282546043396e-001 2.0340856909751892e-001</leafValues></_></weakClassifiers></_></stages>
  <features>
    <_>
      <rect>
        0 0 2 3</rect></_>
    <_>
      <rect>
        0 0 3 1</rect></_>
    <_>
      <rect>
        0 1 1 1</rect></_>
    <_>
      <rect>
        0 1 1 3</rect></_>
    <_>
      <rect>
        0 1 2 2</rect></_>
    <_>
      <rect>
        0 1 2 3</rect></_>
    <_>
      <rect>
        0 1 2 4</rect></_>
    <_>
      <rect>
        0 1 7 1</rect></_>
    <_>
      <rect>
        0 1 12 2</rect></_>
    <_>
      <rect>
        0 2 1 1</rect></_>
    <_>
      <rect>
        0 2 1 2</rect></_>
    <_>
      <rect>
        0 2 2 1</rect></_>
    <_>
      <rect>
        0 3 1 1</rect></_>
    <_>
      <rect>
        0 3 11 1</rect></_>
    <_>
      <rect>
        0 4 1 3</rect></_>
    <_>
      <rect>
        0 5 1 1</rect></_>
    <_>
      <rect>
        0 6 1 1</rect></_>
    <_>
      <rect>
        0 6 1 2</rect></_>
    <_>
      <rect>
        0 7 1 1</rect></_>
    <_>
      <rect>
        0 7 2 1</rect></_>
    <_>
      <rect>
        0 7 2 2</rect></_>
    <_>
      <rect>
        0 9 1 1</rect></_>
    <_>
      <rect>
        0 9 3 1</rect></_>
    <_>
      <rect>
        0 9 7 1</rect></_>
    <_>
      <rect>
        0 10 1 1</rect></_>
    <_>
      <rect>
        0 10 2 1</rect></_>
    <_>
      <rect>
        0 10 3 1</rect></_>
    <_>
      <rect>
        0 10 6 1</rect></_>
    <_>
      <rect>
        0 10 9 1</rect></_>
    <_>
      <rect>
        0 10 13 1</rect></_>
    <_>
      <rect>
        1 0 2 1</rect></_>
    <_>
      <rect>
        1 1 8 1</rect></_>
    <_>
      <rect>
        1 2 8 1</rect></_>
    <_>
      <rect>
        1 2 12 1</rect></_>
    <_>
      <rect>
        1 3 11 1</rect></_>
    <_>
      <rect>
        1 4 2 1</rect></_>
    <_>
      <rect>
        1 10 2 1</rect></_>
    <_>
      <rect>
        1 10 7 1</rect></_>
    <_>
      <rect>
        2 0 1 3</rect></_>
    <_>
      <rect>
        2 0 11 2</rect></_>
    <_>
      <rect>
        2 1 12 1</rect></_>
    <_>
      <rect>
        2 2 1 1</rect></_>
    <_>
      <rect>
        2 2 1 2</rect></_>
    <_>
      <rect>
        2 4 1 3</rect></_>
    <_>
      <rect>
        2 5 2 1</rect></_>
    <_>
      <rect>
        2 10 2 1</rect></_>
    <_>
      <rect>
        3 4 11 1</rect></_>
    <_>
      <rect>
        3 5 1 2</rect></_>
    <_>
      <rect>
        3 6 1 2</rect></_>
    <_>
      <rect>
        3 9 11 1</rect></_>
    <_>
      <rect>
        4 0 3 1</rect></_>
    <_>
      <rect>
        4 1 11 2</rect></_>
    <_>
      <rect>
        4 1 12 2</rect></_>
    <_>
      <rect>
        4 5 9 1</rect></_>
    <_>
      <rect>
        4 7 1 2</rect></_>
    <_>
      <rect>
        4 9 8 1</rect></_>
    <_>
      <rect>
        5 1 11 2</rect></_>
    <_>
      <rect>
        5 2 11 1</rect></_>
    <_>
      <rect>
        5 3 11 1</rect></_>
    <_>
      <rect>
        5 4 10 1</rect></_>
    <_>
      <rect>
        5 7 1 2</rect></_>
    <_>
      <rect>
        5 10 2 1</rect></_>
    <_>
      <rect>
        5 10 6 1</rect></_>
    <_>
      <rect>
        6 2 5 1</rect></_>
    <_>
      <rect>
        6 2 10 1</rect></_>
    <_>
      <rect>
        6 3 11 1</rect></_>
    <_>
      <rect>
        6 4 1 3</rect></_>
    <_>
      <rect>
        6 5 1 1</rect></_>
    <_>
      <rect>
        6 9 11 1</rect></_>
    <_>
      <rect>
        6 10 3 1</rect></_>
    <_>
      <rect>
        7 1 1 3</rect></_>
    <_>
      <rect>
        7 3 7 2</rect></_>
    <_>
      <rect>
        7 4 1 3</rect></_>
    <_>
      <rect>
        7 7 1 2</rect></_>
    <_>
      <rect>
        7 9 3 1</rect></_>
    <_>
      <rect>
        7 10 4 1</rect></_>
    <_>
      <rect>
        8 0 1 3</rect></_>
    <_>
      <rect>
        8 3 6 2</rect></_>
    <_>
      <rect>
        8 3 8 2</rect></_>
    <_>
      <rect>
        8 6 8 2</rect></_>
    <_>
      <rect>
        8 7 6 2</rect></_>
    <_>
      <rect>
        8 10 6 1</rect></_>
    <_>
      <rect>
        9 0 1 1</rect></_>
    <_>
      <rect>
        9 0 9 1</rect></_>
    <_>
      <rect>
        9 1 1 3</rect></_>
    <_>
      <rect>
        9 10 10 1</rect></_>
    <_>
      <rect>
        10 0 1 3</rect></_>
    <_>
      <rect>
        10 3 3 1</rect></_>
    <_>
      <rect>
        11 0 1 3</rect></_>
    <_>
      <rect>
        11 1 1 3</rect></_>
    <_>
      <rect>
        11 1 8 2</rect></_>
    <_>
      <rect>
        11 6 1 1</rect></_>
    <_>
      <rect>
        11 7 1 1</rect></_>
    <_>
      <rect>
        11 7 1 2</rect></_>
    <_>
      <rect>
        12 7 1 2</rect></_>
    <_>
      <rect>
        13 0 2 2</rect></_>
    <_>
      <rect>
        13 0 4 1</rect></_>
    <_>
      <rect>
        13 1 2 2</rect></_>
    <_>
      <rect>
        13 3 3 3</rect></_>
    <_>
      <rect>
        13 4 7 1</rect></_>
    <_>
      <rect>
        13 5 3 2</rect></_>
    <_>
      <rect>
        13 9 2 1</rect></_>
    <_>
      <rect>
        13 10 2 1</rect></_>
    <_>
      <rect>
        14 0 1 1</rect></_>
    <_>
      <rect>
        14 0 4 1</rect></_>
    <_>
      <rect>
        14 1 3 3</rect></_>
    <_>
      <rect>
        14 2 8 1</rect></_>
    <_>
      <rect>
        14 5 2 2</rect></_>
    <_>
      <rect>
        15 0 2 1</rect></_>
    <_>
      <rect>
        15 1 6 1</rect></_>
    <_>
      <rect>
        15 4 2 1</rect></_>
    <_>
      <rect>
        15 4 2 2</rect></_>
    <_>
      <rect>
        15 5 1 2</rect></_>
    <_>
      <rect>
        15 5 2 2</rect></_>
    <_>
      <rect>
        15 7 1 1</rect></_>
    <_>
      <rect>
        15 10 5 1</rect></_>
    <_>
      <rect>
        16 9 3 1</rect></_>
    <_>
      <rect>
        17 0 2 1</rect></_>
    <_>
      <rect>
        17 1 2 2</rect></_>
    <_>
      <rect>
        17 3 2 1</rect></_>
    <_>
      <rect>
        17 5 1 2</rect></_>
    <_>
      <rect>
        17 10 2 1</rect></_>
    <_>
      <rect>
        17 10 6 1</rect></_>
    <_>
      <rect>
        18 0 2 1</rect></_>
    <_>
      <rect>
        18 0 2 3</rect></_>
    <_>
      <rect>
        18 0 3 1</rect></_>
    <_>
      <rect>
        18 7 2 2</rect></_>
    <_>
      <rect>
        18 10 2 1</rect></_>
    <_>
      <rect>
        19 10 7 1</rect></_>
    <_>
      <rect>
        20 0 1 1</rect></_>
    <_>
      <rect>
        20 0 2 1</rect></_>
    <_>
      <rect>
        20 7 1 2</rect></_>
    <_>
      <rect>
        20 9 5 1</rect></_>
    <_>
      <rect>
        20 10 4 1</rect></_>
    <_>
      <rect>
        21 0 1 3</rect></_>
    <_>
      <rect>
        21 1 1 3</rect></_>
    <_>
      <rect>
        21 1 6 1</rect></_>
    <_>
      <rect>
        21 4 5 1</rect></_>
    <_>
      <rect>
        21 6 1 2</rect></_>
    <_>
      <rect>
        21 7 1 2</rect></_>
    <_>
      <rect>
        21 10 5 1</rect></_>
    <_>
      <rect>
        22 0 1 2</rect></_>
    <_>
      <rect>
        22 0 1 3</rect></_>
    <_>
      <rect>
        22 9 5 1</rect></_>
    <_>
      <rect>
        23 0 1 1</rect></_>
    <_>
      <rect>
        23 6 2 2</rect></_>
    <_>
      <rect>
        24 4 3 1</rect></_>
    <_>
      <rect>
        25 0 4 1</rect></_>
    <_>
      <rect>
        25 7 1 2</rect></_>
    <_>
      <rect>
        26 1 1 3</rect></_>
    <_>
      <rect>
        26 5 1 2</rect></_>
    <_>
      <rect>
        26 6 1 1</rect></_>
    <_>
      <rect>
        26 7 1 2</rect></_>
    <_>
      <rect>
        27 0 4 1</rect></_>
    <_>
      <rect>
        28 0 4 1</rect></_>
    <_>
      <rect>
        29 6 1 2</rect></_>
    <_>
      <rect>
        30 0 1 3</rect></_>
    <_>
      <rect>
        30 3 2 2</rect></_>
    <_>
      <rect>
        30 5 1 2</rect></_>
    <_>
      <rect>
        30 6 1 2</rect></_>
    <_>
      <rect>
        30 7 1 2</rect></_>
    <_>
      <rect>
        31 3 1 2</rect></_>
    <_>
      <rect>
        31 4 3 3</rect></_>
    <_>
      <rect>
        31 7 1 2</rect></_>
    <_>
      <rect>
        31 9 3 1</rect></_>
    <_>
      <rect>
        31 10 3 1</rect></_>
    <_>
      <rect>
        32 0 1 1</rect></_>
    <_>
      <rect>
        32 6 1 1</rect></_>
    <_>
      <rect>
        33 0 2 3</rect></_>
    <_>
      <rect>
        34 2 2 2</rect></_>
    <_>
      <rect>
        34 7 2 2</rect></_>
    <_>
      <rect>
        34 8 2 1</rect></_>
    <_>
      <rect>
        34 10 2 1</rect></_>
    <_>
      <rect>
        36 0 1 1</rect></_>
    <_>
      <rect>
        36 3 1 2</rect></_>
    <_>
      <rect>
        37 0 1 1</rect></_>
    <_>
      <rect>
        37 1 1 1</rect></_>
    <_>
      <rect>
        37 2 1 1</rect></_>
    <_>
      <rect>
        37 3 1 1</rect></_>
    <_>
      <rect>
        37 4 1 2</rect></_>
    <_>
      <rect>
        37 6 1 1</rect></_>
    <_>
      <rect>
        37 7 1 1</rect></_>
    <_>
      <rect>
        37 7 1 2</rect></_>
    <_>
      <rect>
        37 8 1 1</rect></_>
    <_>
      <rect>
        37 9 1 1</rect></_>
    <_>
      <rect>
        37 10 1 1</rect></_></features></cascade>
</opencv_storage>
